pm2.5,pm10,time,temperature,humidity,parsed_time
64.9,111.5,20,25.259021896696424,45.11024643320364,
